{"mean":{"confidence_interval":{"confidence_level":0.95,"lower_bound":-0.06173476497861986,"upper_bound":-0.014411540841255186},"point_estimate":-0.03797545587851103,"standard_error":0.012057624664093781},"median":{"confidence_interval":{"confidence_level":0.95,"lower_bound":-0.05708569542920672,"upper_bound":0.00018165165693972973},"point_estimate":-0.02259341641172785,"standard_error":0.014755975630936403}}