{"mean":{"confidence_interval":{"confidence_level":0.95,"lower_bound":0.007529825374303956,"upper_bound":0.04174217663753285},"point_estimate":0.024111601883966438,"standard_error":0.008753440092684818},"median":{"confidence_interval":{"confidence_level":0.95,"lower_bound":-0.0022628305411039884,"upper_bound":0.04056817609093009},"point_estimate":0.016207736410348783,"standard_error":0.01085318894780865}}