{"mean":{"confidence_interval":{"confidence_level":0.95,"lower_bound":21296529.53041667,"upper_bound":21574921.520000003},"point_estimate":21430014.56,"standard_error":70873.92029437512},"median":{"confidence_interval":{"confidence_level":0.95,"lower_bound":21253713.333333332,"upper_bound":21431862.666666668},"point_estimate":21335601.0,"standard_error":45247.90642578056},"median_abs_dev":{"confidence_interval":{"confidence_level":0.95,"lower_bound":370595.3843206158,"upper_bound":698158.7986052055},"point_estimate":513986.2762749195,"standard_error":84518.9646535682},"slope":null,"std_dev":{"confidence_interval":{"confidence_level":0.95,"lower_bound":536012.1718603388,"upper_bound":891880.6725535454},"point_estimate":713121.1548126193,"standard_error":92058.79358073395}}