{"mean":{"confidence_interval":{"confidence_level":0.95,"lower_bound":-0.012365373198587184,"upper_bound":0.0049456419163071185},"point_estimate":-0.003749632291708771,"standard_error":0.004457258391695001},"median":{"confidence_interval":{"confidence_level":0.95,"lower_bound":-0.014271119351452755,"upper_bound":0.0007823321606119649},"point_estimate":-0.006648557195696014,"standard_error":0.003708340480223311}}