{"mean":{"confidence_interval":{"confidence_level":0.95,"lower_bound":-0.042001697139235905,"upper_bound":0.006464991487302801},"point_estimate":-0.01775146950691775,"standard_error":0.012465395224642304},"median":{"confidence_interval":{"confidence_level":0.95,"lower_bound":-0.06327745277112462,"upper_bound":-0.014699628183012525},"point_estimate":-0.03845690848823102,"standard_error":0.011777570130388182}}