{"mean":{"confidence_interval":{"confidence_level":0.95,"lower_bound":11579619.827999998,"upper_bound":11761710.203999996},"point_estimate":11670106.016000006,"standard_error":46357.26145576259},"median":{"confidence_interval":{"confidence_level":0.95,"lower_bound":11560561.8,"upper_bound":11776286.8},"point_estimate":11678665.6,"standard_error":57748.34744688738},"median_abs_dev":{"confidence_interval":{"confidence_level":0.95,"lower_bound":345421.47922754235,"upper_bound":587015.8892583845},"point_estimate":476013.18444907805,"standard_error":62870.474264364915},"slope":null,"std_dev":{"confidence_interval":{"confidence_level":0.95,"lower_bound":407498.0270737472,"upper_bound":523025.1169629144},"point_estimate":469032.2449207371,"standard_error":29505.820438399678}}