{"mean":{"confidence_interval":{"confidence_level":0.95,"lower_bound":0.017115316208404605,"upper_bound":0.09508404617604298},"point_estimate":0.05527507243488139,"standard_error":0.01989893671067053},"median":{"confidence_interval":{"confidence_level":0.95,"lower_bound":0.00039231101004953754,"upper_bound":0.055988409933963146},"point_estimate":0.02737701507841228,"standard_error":0.01395340521252538}}