{"mean":{"confidence_interval":{"confidence_level":0.95,"lower_bound":-0.10394377590356246,"upper_bound":0.015681028756092754},"point_estimate":-0.03961633070075299,"standard_error":0.0306995870315099},"median":{"confidence_interval":{"confidence_level":0.95,"lower_bound":0.002385167800221133,"upper_bound":0.02554773276926725},"point_estimate":0.011731992314054196,"standard_error":0.005986075471274949}}