{"mean":{"confidence_interval":{"confidence_level":0.95,"lower_bound":-0.03482482600792636,"upper_bound":0.024781643651662973},"point_estimate":-0.006732133133518614,"standard_error":0.015275217431214327},"median":{"confidence_interval":{"confidence_level":0.95,"lower_bound":-0.04612462925914904,"upper_bound":0.013215746946398044},"point_estimate":-0.013348332473939517,"standard_error":0.015246352256610392}}