{"mean":{"confidence_interval":{"confidence_level":0.95,"lower_bound":0.00991105321208056,"upper_bound":0.04899545726455745},"point_estimate":0.02960481467466103,"standard_error":0.010013870154311584},"median":{"confidence_interval":{"confidence_level":0.95,"lower_bound":0.013148381453678804,"upper_bound":0.04914092448264307},"point_estimate":0.029146012269784638,"standard_error":0.009198244726301997}}