{"mean":{"confidence_interval":{"confidence_level":0.95,"lower_bound":11189897.46005,"upper_bound":11355827.522999998},"point_estimate":11272311.721999997,"standard_error":42401.09177728147},"median":{"confidence_interval":{"confidence_level":0.95,"lower_bound":11176776.0,"upper_bound":11359218.2},"point_estimate":11282851.0,"standard_error":52589.76486352956},"median_abs_dev":{"confidence_interval":{"confidence_level":0.95,"lower_bound":321800.3999269014,"upper_bound":548876.9389734854},"point_estimate":447814.5777297031,"standard_error":57492.16333197631},"slope":null,"std_dev":{"confidence_interval":{"confidence_level":0.95,"lower_bound":368929.8000382141,"upper_bound":476275.82581904647},"point_estimate":425666.8942372303,"standard_error":27452.63064418538}}