{"mean":{"confidence_interval":{"confidence_level":0.95,"lower_bound":-0.004962375684212553,"upper_bound":0.01595449680106552},"point_estimate":0.005688187588239968,"standard_error":0.005334759721738301},"median":{"confidence_interval":{"confidence_level":0.95,"lower_bound":-0.004250342805764307,"upper_bound":0.018434993120935328},"point_estimate":0.008819018577140847,"standard_error":0.005730223922861698}}