{"mean":{"confidence_interval":{"confidence_level":0.95,"lower_bound":-0.10929448817029408,"upper_bound":-0.044297365285216675},"point_estimate":-0.0754471914844812,"standard_error":0.016557322087768937},"median":{"confidence_interval":{"confidence_level":0.95,"lower_bound":-0.08081746030157078,"upper_bound":-0.02609112446861539},"point_estimate":-0.05392157446689383,"standard_error":0.01302950654922897}}