{"mean":{"confidence_interval":{"confidence_level":0.95,"lower_bound":-0.017273166201306724,"upper_bound":0.001571468663787835},"point_estimate":-0.007329504939583731,"standard_error":0.0047627553021589554},"median":{"confidence_interval":{"confidence_level":0.95,"lower_bound":-0.01996374955930713,"upper_bound":0.004768315627542874},"point_estimate":-0.010084370113210062,"standard_error":0.006155291979840971}}