{"mean":{"confidence_interval":{"confidence_level":0.95,"lower_bound":22950.821769365455,"upper_bound":24327.314220191623},"point_estimate":23589.509059677435,"standard_error":352.17812788768714},"median":{"confidence_interval":{"confidence_level":0.95,"lower_bound":22761.062280297356,"upper_bound":23673.260651629073},"point_estimate":23226.402116402118,"standard_error":248.13575251370034},"median_abs_dev":{"confidence_interval":{"confidence_level":0.95,"lower_bound":1191.723077151998,"upper_bound":1985.2306111714756},"point_estimate":1623.5428695096869,"standard_error":202.23630394326963},"slope":{"confidence_interval":{"confidence_level":0.95,"lower_bound":23063.939262216725,"upper_bound":25372.300430577205},"point_estimate":23974.732012849472,"standard_error":610.5670720563667},"std_dev":{"confidence_interval":{"confidence_level":0.95,"lower_bound":2073.979319496574,"upper_bound":4910.321580678085},"point_estimate":3551.7878261704027,"standard_error":738.5953651716471}}