{"mean":{"confidence_interval":{"confidence_level":0.95,"lower_bound":21424593.586583328,"upper_bound":21669352.80641666},"point_estimate":21545143.85,"standard_error":62505.324754748326},"median":{"confidence_interval":{"confidence_level":0.95,"lower_bound":21278256.166666664,"upper_bound":21628427.0},"point_estimate":21495599.833333336,"standard_error":81501.53896568071},"median_abs_dev":{"confidence_interval":{"confidence_level":0.95,"lower_bound":497689.04316424957,"upper_bound":815613.4016724655},"point_estimate":636217.7485048799,"standard_error":77038.99736254489},"slope":null,"std_dev":{"confidence_interval":{"confidence_level":0.95,"lower_bound":537874.3176715551,"upper_bound":717892.9271283034},"point_estimate":628126.1376795183,"standard_error":45976.371845206064}}