{"mean":{"confidence_interval":{"confidence_level":0.95,"lower_bound":-0.015250792240544,"upper_bound":0.03401693904165228},"point_estimate":0.009191398489986069,"standard_error":0.012546951574281876},"median":{"confidence_interval":{"confidence_level":0.95,"lower_bound":-0.016057327231536522,"upper_bound":0.04667550348941685},"point_estimate":0.011891162774255504,"standard_error":0.015823800767485813}}