{"mean":{"confidence_interval":{"confidence_level":0.95,"lower_bound":11357782.412000002,"upper_bound":11516576.426299997},"point_estimate":11435210.467999997,"standard_error":40491.58227000082},"median":{"confidence_interval":{"confidence_level":0.95,"lower_bound":11330111.4,"upper_bound":11496749.6},"point_estimate":11399067.4,"standard_error":40851.09525293662},"median_abs_dev":{"confidence_interval":{"confidence_level":0.95,"lower_bound":247093.66985320963,"upper_bound":501843.1894505019},"point_estimate":341033.42808544554,"standard_error":66211.75629062901},"slope":null,"std_dev":{"confidence_interval":{"confidence_level":0.95,"lower_bound":324454.9050321337,"upper_bound":482706.32570564037},"point_estimate":406845.76249781204,"standard_error":40526.59917725068}}