{"mean":{"confidence_interval":{"confidence_level":0.95,"lower_bound":153830.3250718526,"upper_bound":157092.85953693042},"point_estimate":155420.86111853088,"standard_error":833.8695148283549},"median":{"confidence_interval":{"confidence_level":0.95,"lower_bound":150765.52142857143,"upper_bound":154869.9146567718},"point_estimate":152676.98313492065,"standard_error":1123.6451650361037},"median_abs_dev":{"confidence_interval":{"confidence_level":0.95,"lower_bound":3927.0976410331386,"upper_bound":8131.875304348317},"point_estimate":5476.634951355536,"standard_error":1080.6704825579445},"slope":{"confidence_interval":{"confidence_level":0.95,"lower_bound":150719.77746086635,"upper_bound":153812.0416967384},"point_estimate":152203.05022060842,"standard_error":791.0486762059098},"std_dev":{"confidence_interval":{"confidence_level":0.95,"lower_bound":6775.730990484443,"upper_bound":9739.47297456409},"point_estimate":8372.512263025443,"standard_error":761.3011514491895}}