{"mean":{"confidence_interval":{"confidence_level":0.95,"lower_bound":11171503.90625,"upper_bound":11343820.818000004},"point_estimate":11256764.066,"standard_error":43816.61858539012},"median":{"confidence_interval":{"confidence_level":0.95,"lower_bound":11115412.2,"upper_bound":11352221.0},"point_estimate":11208060.1,"standard_error":72699.3605014656},"median_abs_dev":{"confidence_interval":{"confidence_level":0.95,"lower_bound":321219.9620372049,"upper_bound":511877.43719185697},"point_estimate":424918.6380761865,"standard_error":48602.514538895266},"slope":null,"std_dev":{"confidence_interval":{"confidence_level":0.95,"lower_bound":374525.1619110645,"upper_bound":497356.1601111266},"point_estimate":439814.90286210354,"standard_error":31353.18333079057}}