{"mean":{"confidence_interval":{"confidence_level":0.95,"lower_bound":0.008664100390027995,"upper_bound":0.05411509108171152},"point_estimate":0.03023848862207079,"standard_error":0.011576650044667526},"median":{"confidence_interval":{"confidence_level":0.95,"lower_bound":0.01935463991191466,"upper_bound":0.04538844562142508},"point_estimate":0.034346890943038444,"standard_error":0.00666587298080415}}