{"mean":{"confidence_interval":{"confidence_level":0.95,"lower_bound":-0.05432345186967893,"upper_bound":-0.020330544518057284},"point_estimate":-0.03694744353074664,"standard_error":0.008678519803734089},"median":{"confidence_interval":{"confidence_level":0.95,"lower_bound":-0.04183125861058412,"upper_bound":-0.011470310785881344},"point_estimate":-0.024504543949113833,"standard_error":0.007824102816410468}}