{"mean":{"confidence_interval":{"confidence_level":0.95,"lower_bound":-0.06103887220738108,"upper_bound":-0.017656804516546155},"point_estimate":-0.03904741109847765,"standard_error":0.011110724918184607},"median":{"confidence_interval":{"confidence_level":0.95,"lower_bound":-0.07026635990777075,"upper_bound":-0.018634132030441508},"point_estimate":-0.038414683160510554,"standard_error":0.01411931983922709}}