{"mean":{"confidence_interval":{"confidence_level":0.95,"lower_bound":-0.05097292115610572,"upper_bound":-0.02262892051728458},"point_estimate":-0.03708743127342351,"standard_error":0.007231024594664218},"median":{"confidence_interval":{"confidence_level":0.95,"lower_bound":-0.049582156014271295,"upper_bound":-0.02833493190894587},"point_estimate":-0.03822572458122153,"standard_error":0.005178099846852748}}