{"mean":{"confidence_interval":{"confidence_level":0.95,"lower_bound":-0.002194190971713354,"upper_bound":0.018098540217986223},"point_estimate":0.007802247663957429,"standard_error":0.005150122349877503},"median":{"confidence_interval":{"confidence_level":0.95,"lower_bound":-0.004869830637872726,"upper_bound":0.02123429263544163},"point_estimate":0.005146811944398255,"standard_error":0.007153312780820836}}