{"mean":{"confidence_interval":{"confidence_level":0.95,"lower_bound":21330946.48433334,"upper_bound":21557846.007250007},"point_estimate":21443617.200000003,"standard_error":57888.65807622239},"median":{"confidence_interval":{"confidence_level":0.95,"lower_bound":21351691.333333332,"upper_bound":21579951.833333336},"point_estimate":21478397.0,"standard_error":70235.21632187582},"median_abs_dev":{"confidence_interval":{"confidence_level":0.95,"lower_bound":378443.03308129124,"upper_bound":730689.0188276768},"point_estimate":614164.3209964028,"standard_error":90985.17012683046},"slope":null,"std_dev":{"confidence_interval":{"confidence_level":0.95,"lower_bound":495005.6482175957,"upper_bound":665948.5044362313},"point_estimate":585025.9161711643,"standard_error":43559.45673753284}}