{"mean":{"confidence_interval":{"confidence_level":0.95,"lower_bound":-0.0048094398406629555,"upper_bound":0.06109390129674271},"point_estimate":0.026306429275348986,"standard_error":0.016821362021381233},"median":{"confidence_interval":{"confidence_level":0.95,"lower_bound":-0.006720897660685177,"upper_bound":0.06465019680309436},"point_estimate":0.03627083498967609,"standard_error":0.018246119223256703}}