{"mean":{"confidence_interval":{"confidence_level":0.95,"lower_bound":21506403.098499995,"upper_bound":21784313.53383333},"point_estimate":21642855.13333333,"standard_error":70734.50136996346},"median":{"confidence_interval":{"confidence_level":0.95,"lower_bound":21420519.5,"upper_bound":21738853.5},"point_estimate":21576111.5,"standard_error":74636.11348404008},"median_abs_dev":{"confidence_interval":{"confidence_level":0.95,"lower_bound":545786.3160103541,"upper_bound":828495.1506912662},"point_estimate":702694.0719246855,"standard_error":75258.67676534277},"slope":null,"std_dev":{"confidence_interval":{"confidence_level":0.95,"lower_bound":605307.9415274777,"upper_bound":804322.0918906337},"point_estimate":712637.0315715142,"standard_error":50845.590082464514}}