{"mean":{"confidence_interval":{"confidence_level":0.95,"lower_bound":-0.0048269142141554935,"upper_bound":0.02991251355299815},"point_estimate":0.011557153856969649,"standard_error":0.00877958154417116},"median":{"confidence_interval":{"confidence_level":0.95,"lower_bound":-0.012070546178803543,"upper_bound":0.011356820125633105},"point_estimate":-0.0004886624389085492,"standard_error":0.006009150337762868}}