{"mean":{"confidence_interval":{"confidence_level":0.95,"lower_bound":159076.15031270875,"upper_bound":164599.5930185169},"point_estimate":161800.04882431918,"standard_error":1412.3586123504622},"median":{"confidence_interval":{"confidence_level":0.95,"lower_bound":155635.9732142857,"upper_bound":163583.18940258754},"point_estimate":160713.8384856631,"standard_error":2123.0782068480103},"median_abs_dev":{"confidence_interval":{"confidence_level":0.95,"lower_bound":12104.301292357297,"upper_bound":18663.546695940735},"point_estimate":14530.38735558231,"standard_error":1657.7829768987365},"slope":{"confidence_interval":{"confidence_level":0.95,"lower_bound":161113.33958427215,"upper_bound":166048.73351154785},"point_estimate":163559.66242943698,"standard_error":1265.2434033710244},"std_dev":{"confidence_interval":{"confidence_level":0.95,"lower_bound":12172.42508177965,"upper_bound":16143.580414350454},"point_estimate":14230.196245749365,"standard_error":1011.0823111866725}}