{"mean":{"confidence_interval":{"confidence_level":0.95,"lower_bound":25834.605891462183,"upper_bound":26695.853815687795},"point_estimate":26245.847085458216,"standard_error":219.52032227332805},"median":{"confidence_interval":{"confidence_level":0.95,"lower_bound":25598.211034249227,"upper_bound":26466.327756183193},"point_estimate":25881.094668603022,"standard_error":272.889227876999},"median_abs_dev":{"confidence_interval":{"confidence_level":0.95,"lower_bound":1669.2914916636073,"upper_bound":2526.4210213217707},"point_estimate":2102.0922161478193,"standard_error":214.7607521114309},"slope":{"confidence_interval":{"confidence_level":0.95,"lower_bound":25782.057136883337,"upper_bound":26644.783320381946},"point_estimate":26201.944639309964,"standard_error":220.48902010161095},"std_dev":{"confidence_interval":{"confidence_level":0.95,"lower_bound":1636.1381180566425,"upper_bound":2830.8461437744395},"point_estimate":2212.586871835222,"standard_error":314.53984727930305}}