{"mean":{"confidence_interval":{"confidence_level":0.95,"lower_bound":0.0015758245808944178,"upper_bound":0.02324563939802292},"point_estimate":0.012619530463930273,"standard_error":0.005536155931589237},"median":{"confidence_interval":{"confidence_level":0.95,"lower_bound":0.0007897791595703474,"upper_bound":0.02418528498882533},"point_estimate":0.010589232001371407,"standard_error":0.005811508063651848}}