{"mean":{"confidence_interval":{"confidence_level":0.95,"lower_bound":-0.021478687458126408,"upper_bound":-0.0032913678184296365},"point_estimate":-0.012357874259198987,"standard_error":0.0046422165903958305},"median":{"confidence_interval":{"confidence_level":0.95,"lower_bound":-0.022452281851983225,"upper_bound":0.0019831809635468822},"point_estimate":-0.01102714266331073,"standard_error":0.006505267306313644}}