{"mean":{"confidence_interval":{"confidence_level":0.95,"lower_bound":22265583.021249995,"upper_bound":22549312.152416665},"point_estimate":22406970.296666656,"standard_error":72446.68067198637},"median":{"confidence_interval":{"confidence_level":0.95,"lower_bound":22248186.166666664,"upper_bound":22568777.333333332},"point_estimate":22355171.166666664,"standard_error":84597.05937231802},"median_abs_dev":{"confidence_interval":{"confidence_level":0.95,"lower_bound":513184.43678915687,"upper_bound":843700.943121314},"point_estimate":632152.2122770557,"standard_error":85620.31413858362},"slope":null,"std_dev":{"confidence_interval":{"confidence_level":0.95,"lower_bound":606990.7658921655,"upper_bound":843984.5085535089},"point_estimate":728232.8503018403,"standard_error":60699.42626067443}}