{"mean":{"confidence_interval":{"confidence_level":0.95,"lower_bound":0.06366822785585582,"upper_bound":0.1452737154828763},"point_estimate":0.10170167862394153,"standard_error":0.020627756679590013},"median":{"confidence_interval":{"confidence_level":0.95,"lower_bound":0.052379270427471945,"upper_bound":0.11936449893232948},"point_estimate":0.07792546820422941,"standard_error":0.01681884947725446}}