{"mean":{"confidence_interval":{"confidence_level":0.95,"lower_bound":0.0009333532554048471,"upper_bound":0.03603808856328353},"point_estimate":0.017542480810224914,"standard_error":0.008887973412911069},"median":{"confidence_interval":{"confidence_level":0.95,"lower_bound":-0.00643647182078988,"upper_bound":0.02484984924844813},"point_estimate":0.009006466388716383,"standard_error":0.00754537328905715}}