{"mean":{"confidence_interval":{"confidence_level":0.95,"lower_bound":-0.024543872827829914,"upper_bound":0.038639546431744005},"point_estimate":0.00621022464230081,"standard_error":0.01614945279342345},"median":{"confidence_interval":{"confidence_level":0.95,"lower_bound":-0.025904483410180923,"upper_bound":0.03135171707551154},"point_estimate":-0.0030000895040184217,"standard_error":0.015029629477812476}}