{"mean":{"confidence_interval":{"confidence_level":0.95,"lower_bound":-0.03958086018396728,"upper_bound":0.012304962641102183},"point_estimate":-0.013858342609874286,"standard_error":0.013198844259290264},"median":{"confidence_interval":{"confidence_level":0.95,"lower_bound":-0.03262615154824778,"upper_bound":0.015347069601640895},"point_estimate":-0.008869703882511293,"standard_error":0.012265602682501906}}