{"mean":{"confidence_interval":{"confidence_level":0.95,"lower_bound":0.0010510591931344893,"upper_bound":0.05309854883801318},"point_estimate":0.026248628823438036,"standard_error":0.013325134545187248},"median":{"confidence_interval":{"confidence_level":0.95,"lower_bound":-0.013689767936213015,"upper_bound":0.06309703960470914},"point_estimate":0.024737959117867803,"standard_error":0.019917160590848165}}