{"mean":{"confidence_interval":{"confidence_level":0.95,"lower_bound":22161586.653333325,"upper_bound":22452609.65833333},"point_estimate":22306855.68,"standard_error":74437.56338896665},"median":{"confidence_interval":{"confidence_level":0.95,"lower_bound":22139115.166666664,"upper_bound":22422297.333333332},"point_estimate":22263879.0,"standard_error":64252.540857682434},"median_abs_dev":{"confidence_interval":{"confidence_level":0.95,"lower_bound":522489.97552394774,"upper_bound":878389.5818054695},"point_estimate":708972.3886132222,"standard_error":88976.75761785959},"slope":null,"std_dev":{"confidence_interval":{"confidence_level":0.95,"lower_bound":638190.9604936609,"upper_bound":840509.0546276626},"point_estimate":745670.9939938075,"standard_error":51679.71260244604}}